day_of_week,sales
1,3.933107938184632E8
2,2.7323785061151916E8
3,3.3952011253912884E8
4,3.186490651945294E8
5,3.262509800478866E8
6,4.220888815865351E8
7,4.912455289898281E8
