month,sales
1,1.9017311408826447E8
2,1.980968301289749E8
3,2.140480924897213E8
4,1.4980604076597977E8
5,1.5634704629344285E8
6,1.6221894449747625E8
7,1.4583852122058225E8
8,1.639020619212833E8
9,2.3380548574605942E8
10,2.197671348425808E8
11,2.907030385507107E8
12,4.395969022428131E8
